-- SAMPLE DATA SEED SCRIPT FOR POSTGRESQL

-- ==========================================
-- SITE A DATA (MaKhoa < 'M')
-- ==========================================

INSERT INTO site_a.Khoa (MaKhoa, TenKhoa) VALUES
('CNTT', 'Công nghệ thông tin'),
('DLKS', 'Du lịch khách sạn'),
('KTTC', 'Kế toán tài chính'),
('LLCT', 'Luật công ty');

INSERT INTO site_a.MonHoc (MaMH, TenMH) VALUES
('MH001', 'Toán cao cấp'),
('MH002', 'Lập trình C'),
('MH003', 'Cấu trúc dữ liệu'),
('MH004', 'Hệ điều hành'),
('MH005', 'Cơ sở dữ liệu'),
('MH006', 'Mạng máy tính'),
('MH007', 'Kinh tế vĩ mô'),
('MH008', 'Nguyên lý kế toán'),
('MH009', 'Tài chính doanh nghiệp'),
('MH010', 'Luật thương mại'),
('MH011', 'Luật dân sự'),
('MH012', 'Quản trị khách sạn'),
('MH013', 'Du lịch quốc tế'),
('MH014', 'Ngôn ngữ Anh thương mại'),
('MH015', 'Marketing du lịch'),
('MH016', 'Kỹ năng mềm'),
('MH017', 'Pháp luật kinh doanh'),
('MH018', 'Thực tập doanh nghiệp');

INSERT INTO site_a.CTDaoTao (MaKhoa, KhoaHoc, MaMH) VALUES
-- CNTT 2018-2022
('CNTT', 2018, 'MH001'), ('CNTT', 2018, 'MH002'), ('CNTT', 2018, 'MH003'),
('CNTT', 2019, 'MH001'), ('CNTT', 2019, 'MH002'), ('CNTT', 2019, 'MH004'),
('CNTT', 2020, 'MH005'), ('CNTT', 2020, 'MH006'), ('CNTT', 2020, 'MH003'),
('CNTT', 2021, 'MH005'), ('CNTT', 2021, 'MH006'), ('CNTT', 2021, 'MH004'),
('CNTT', 2022, 'MH001'), ('CNTT', 2022, 'MH002'), ('CNTT', 2022, 'MH005'),
-- DLKS 2018-2022
('DLKS', 2018, 'MH007'), ('DLKS', 2018, 'MH012'), ('DLKS', 2018, 'MH013'),
('DLKS', 2019, 'MH014'), ('DLKS', 2019, 'MH015'), ('DLKS', 2019, 'MH016'),
('DLKS', 2020, 'MH007'), ('DLKS', 2020, 'MH012'), ('DLKS', 2020, 'MH013'),
('DLKS', 2021, 'MH014'), ('DLKS', 2021, 'MH015'), ('DLKS', 2021, 'MH016'),
('DLKS', 2022, 'MH007'), ('DLKS', 2022, 'MH012'), ('DLKS', 2022, 'MH014'),
-- KTTC 2018-2022
('KTTC', 2018, 'MH008'), ('KTTC', 2018, 'MH009'), ('KTTC', 2018, 'MH007'),
('KTTC', 2019, 'MH008'), ('KTTC', 2019, 'MH009'), ('KTTC', 2019, 'MH016'),
('KTTC', 2020, 'MH008'), ('KTTC', 2020, 'MH009'), ('KTTC', 2020, 'MH017'),
('KTTC', 2021, 'MH008'), ('KTTC', 2021, 'MH009'), ('KTTC', 2021, 'MH016'),
('KTTC', 2022, 'MH008'), ('KTTC', 2022, 'MH009'), ('KTTC', 2022, 'MH017'),
-- LLCT 2018-2022
('LLCT', 2018, 'MH010'), ('LLCT', 2018, 'MH011'), ('LLCT', 2018, 'MH017'),
('LLCT', 2019, 'MH010'), ('LLCT', 2019, 'MH011'), ('LLCT', 2019, 'MH016'),
('LLCT', 2020, 'MH010'), ('LLCT', 2020, 'MH011'), ('LLCT', 2020, 'MH017'),
('LLCT', 2021, 'MH010'), ('LLCT', 2021, 'MH011'), ('LLCT', 2021, 'MH016'),
('LLCT', 2022, 'MH010'), ('LLCT', 2022, 'MH011'), ('LLCT', 2022, 'MH017'),
-- 2023-2025 (mở rộng)
('CNTT', 2023, 'MH001'), ('CNTT', 2023, 'MH002'), ('CNTT', 2023, 'MH005'),
('DLKS', 2023, 'MH007'), ('DLKS', 2023, 'MH012'), ('DLKS', 2023, 'MH014'),
('KTTC', 2023, 'MH008'), ('KTTC', 2023, 'MH009'), ('KTTC', 2023, 'MH016'),
('LLCT', 2023, 'MH010'), ('LLCT', 2023, 'MH011'), ('LLCT', 2023, 'MH017'),
('CNTT', 2024, 'MH003'), ('CNTT', 2024, 'MH004'), ('CNTT', 2024, 'MH006'),
('DLKS', 2024, 'MH013'), ('DLKS', 2024, 'MH015'), ('DLKS', 2024, 'MH016'),
('KTTC', 2024, 'MH007'), ('KTTC', 2024, 'MH017'), ('KTTC', 2024, 'MH018'),
('LLCT', 2024, 'MH010'), ('LLCT', 2024, 'MH011'), ('LLCT', 2024, 'MH016'),
('CNTT', 2025, 'MH001'), ('CNTT', 2025, 'MH005'), ('CNTT', 2025, 'MH006'),
('DLKS', 2025, 'MH007'), ('DLKS', 2025, 'MH014'), ('DLKS', 2025, 'MH015'),
('KTTC', 2025, 'MH008'), ('KTTC', 2025, 'MH009'), ('KTTC', 2025, 'MH017'),
('LLCT', 2025, 'MH010'), ('LLCT', 2025, 'MH011'), ('LLCT', 2025, 'MH018');

INSERT INTO site_a.SinhVien (MaSV, HoTen, MaKhoa, KhoaHoc) VALUES
('22DH000001', 'Nguyễn Văn A', 'CNTT', 2022),
('22DH000002', 'Trần Thị B', 'CNTT', 2022),
('23DH000001', 'Lê Văn C', 'CNTT', 2023),
('23DH000002', 'Phạm Thị D', 'CNTT', 2023),
('24DH000001', 'Hoàng Văn E', 'CNTT', 2024),
('24DH000002', 'Đỗ Thị F', 'CNTT', 2024),
('25DH000001', 'Bùi Văn G', 'CNTT', 2025),
('25DH000002', 'Vũ Thị H', 'CNTT', 2025),
('22DH000003', 'Nguyễn Thị I', 'DLKS', 2022),
('22DH000004', 'Trần Văn J', 'DLKS', 2022),
('23DH000003', 'Lê Thị K', 'DLKS', 2023),
('23DH000004', 'Phạm Văn L', 'DLKS', 2023),
('24DH000003', 'Hoàng Thị M', 'DLKS', 2024),
('24DH000004', 'Đỗ Văn N', 'DLKS', 2024),
('25DH000003', 'Bùi Thị O', 'DLKS', 2025),
('25DH000004', 'Vũ Văn P', 'DLKS', 2025),
('22DH000005', 'Nguyễn Văn Q', 'KTTC', 2022),
('22DH000006', 'Trần Thị R', 'KTTC', 2022),
('23DH000005', 'Lê Văn S', 'KTTC', 2023),
('23DH000006', 'Phạm Thị T', 'KTTC', 2023),
('24DH000005', 'Hoàng Văn U', 'KTTC', 2024),
('24DH000006', 'Đỗ Thị V', 'KTTC', 2024),
('25DH000005', 'Bùi Văn W', 'KTTC', 2025),
('25DH000006', 'Vũ Thị X', 'KTTC', 2025),
('22DH000007', 'Nguyễn Văn Y', 'LLCT', 2022),
('22DH000008', 'Trần Thị Z', 'LLCT', 2022),
('23DH000007', 'Lê Văn AA', 'LLCT', 2023),
('23DH000008', 'Phạm Thị BB', 'LLCT', 2023),
('24DH000007', 'Hoàng Văn CC', 'LLCT', 2024),
('24DH000008', 'Đỗ Thị DD', 'LLCT', 2024),
('25DH000007', 'Bùi Văn EE', 'LLCT', 2025),
('25DH000008', 'Vũ Thị FF', 'LLCT', 2025);

INSERT INTO site_a.DangKy (MaSV, MaMon, DiemThi) VALUES
('22DH000001', 'MH001', 8.5), ('22DH000001', 'MH002', 9.0), ('22DH000001', 'MH005', 7.5),
('22DH000002', 'MH001', 8.0), ('22DH000002', 'MH002', 8.5), ('22DH000002', 'MH005', 9.0),
('23DH000001', 'MH001', 7.5), ('23DH000001', 'MH002', 8.0), ('23DH000001', 'MH005', 9.0),
('23DH000002', 'MH001', 9.0), ('23DH000002', 'MH002', 8.5), ('23DH000002', 'MH005', 7.5),
('24DH000001', 'MH003', 8.5), ('24DH000001', 'MH004', 7.0), ('24DH000001', 'MH006', 8.0),
('24DH000002', 'MH003', 9.0), ('24DH000002', 'MH004', 8.5), ('24DH000002', 'MH006', 7.5),
('25DH000001', 'MH001', 8.0), ('25DH000001', 'MH005', 9.0), ('25DH000001', 'MH006', 8.5),
('25DH000002', 'MH001', 7.5), ('25DH000002', 'MH005', 8.0), ('25DH000002', 'MH006', 9.0),
('22DH000003', 'MH007', 8.0), ('22DH000003', 'MH012', 9.0), ('22DH000003', 'MH014', 8.5),
('22DH000004', 'MH007', 7.5), ('22DH000004', 'MH012', 8.0), ('22DH000004', 'MH014', 9.0),
('23DH000003', 'MH007', 8.5), ('23DH000003', 'MH012', 7.0), ('23DH000003', 'MH014', 8.0),
('23DH000004', 'MH007', 9.0), ('23DH000004', 'MH012', 8.5), ('23DH000004', 'MH014', 7.5),
('24DH000003', 'MH013', 8.0), ('24DH000003', 'MH015', 9.0), ('24DH000003', 'MH016', 8.5),
('24DH000004', 'MH013', 7.5), ('24DH000004', 'MH015', 8.0), ('24DH000004', 'MH016', 9.0),
('25DH000003', 'MH007', 8.5), ('25DH000003', 'MH014', 7.0), ('25DH000003', 'MH015', 8.0),
('25DH000004', 'MH007', 9.0), ('25DH000004', 'MH014', 8.5), ('25DH000004', 'MH015', 7.5),
('22DH000005', 'MH008', 8.0), ('22DH000005', 'MH009', 9.0), ('22DH000005', 'MH017', 8.5),
('22DH000006', 'MH008', 7.5), ('22DH000006', 'MH009', 8.0), ('22DH000006', 'MH017', 9.0),
('23DH000005', 'MH008', 8.5), ('23DH000005', 'MH009', 7.0), ('23DH000005', 'MH016', 8.0),
('23DH000006', 'MH008', 9.0), ('23DH000006', 'MH009', 8.5), ('23DH000006', 'MH016', 7.5),
('24DH000005', 'MH007', 8.0), ('24DH000005', 'MH017', 9.0), ('24DH000005', 'MH018', 8.5),
('24DH000006', 'MH007', 7.5), ('24DH000006', 'MH017', 8.0), ('24DH000006', 'MH018', 9.0),
('25DH000005', 'MH008', 8.5), ('25DH000005', 'MH009', 7.0), ('25DH000005', 'MH017', 8.0),
('25DH000006', 'MH008', 9.0), ('25DH000006', 'MH009', 8.5), ('25DH000006', 'MH017', 7.5),
('22DH000007', 'MH010', 8.0), ('22DH000007', 'MH011', 9.0), ('22DH000007', 'MH017', 8.5),
('22DH000008', 'MH010', 7.5), ('22DH000008', 'MH011', 8.0), ('22DH000008', 'MH017', 9.0),
('23DH000007', 'MH010', 8.5), ('23DH000007', 'MH011', 7.0), ('23DH000007', 'MH017', 8.0),
('23DH000008', 'MH010', 9.0), ('23DH000008', 'MH011', 8.5), ('23DH000008', 'MH017', 7.5),
('24DH000007', 'MH010', 8.0), ('24DH000007', 'MH011', 9.0), ('24DH000007', 'MH016', 8.5),
('24DH000008', 'MH010', 7.5), ('24DH000008', 'MH011', 8.0), ('24DH000008', 'MH016', 9.0),
('25DH000007', 'MH010', 8.5), ('25DH000007', 'MH011', 7.0), ('25DH000007', 'MH018', 8.0),
('25DH000008', 'MH010', 9.0), ('25DH000008', 'MH011', 8.5), ('25DH000008', 'MH018', 7.5);

-- ==========================================
-- SITE B DATA ('M' <= MaKhoa < 'S')
-- ==========================================

INSERT INTO site_b.Khoa (MaKhoa, TenKhoa) VALUES
('NN', 'Ngôn ngữ'),
('NVPD', 'Ngôn ngữ và Văn hóa Phương Đông'),
('QHQT', 'Quan hệ quốc tế'),
('QTKD', 'Quản trị kinh doanh');

INSERT INTO site_b.MonHoc (MaMH, TenMH) VALUES
('MH019', 'Tiếng Anh cơ bản'),
('MH020', 'Lập trình Java'),
('MH021', 'Phân tích hệ thống'),
('MH022', 'An ninh mạng'),
('MH023', 'Tiếng Trung'),
('MH024', 'Tiếng Nhật'),
('MH025', 'Tiếng Hàn Quốc'),
('MH026', 'Văn hóa Trung Quốc'),
('MH027', 'Văn hóa Nhật Bản'),
('MH028', 'Văn hóa Hàn Quốc'),
('MH029', 'Lịch sử quan hệ quốc tế'),
('MH030', 'Luật quốc tế'),
('MH031', 'Tiếng Trung thương mại'),
('MH032', 'Tiếng Hàn thương mại'),
('MH033', 'Quản trị nhân sự'),
('MH034', 'Marketing quốc tế'),
('MH035', 'Kinh doanh quốc tế'),
('MH036', 'Tài chính quốc tế'),
('MH037', 'Đàm phán quốc tế'),
('MH038', 'Logistics và chuỗi cung ứng');

INSERT INTO site_b.CTDaoTao (MaKhoa, KhoaHoc, MaMH) VALUES
('NN', 2018, 'MH019'), ('NN', 2018, 'MH023'), ('NN', 2018, 'MH024'),
('NN', 2019, 'MH019'), ('NN', 2019, 'MH023'), ('NN', 2019, 'MH025'),
('NN', 2020, 'MH019'), ('NN', 2020, 'MH023'), ('NN', 2020, 'MH024'),
('NN', 2021, 'MH019'), ('NN', 2021, 'MH023'), ('NN', 2021, 'MH025'),
('NN', 2022, 'MH019'), ('NN', 2022, 'MH023'), ('NN', 2022, 'MH024'),
('NVPD', 2018, 'MH023'), ('NVPD', 2018, 'MH026'), ('NVPD', 2018, 'MH031'),
('NVPD', 2019, 'MH024'), ('NVPD', 2019, 'MH027'), ('NVPD', 2019, 'MH032'),
('NVPD', 2020, 'MH025'), ('NVPD', 2020, 'MH028'), ('NVPD', 2020, 'MH031'),
('NVPD', 2021, 'MH023'), ('NVPD', 2021, 'MH026'), ('NVPD', 2021, 'MH032'),
('NVPD', 2022, 'MH024'), ('NVPD', 2022, 'MH027'), ('NVPD', 2022, 'MH031'),
('QHQT', 2018, 'MH029'), ('QHQT', 2018, 'MH030'), ('QHQT', 2018, 'MH037'),
('QHQT', 2019, 'MH029'), ('QHQT', 2019, 'MH030'), ('QHQT', 2019, 'MH037'),
('QHQT', 2020, 'MH029'), ('QHQT', 2020, 'MH030'), ('QHQT', 2020, 'MH037'),
('QHQT', 2021, 'MH029'), ('QHQT', 2021, 'MH030'), ('QHQT', 2021, 'MH037'),
('QHQT', 2022, 'MH029'), ('QHQT', 2022, 'MH030'), ('QHQT', 2022, 'MH037'),
('QTKD', 2018, 'MH033'), ('QTKD', 2018, 'MH034'), ('QTKD', 2018, 'MH035'),
('QTKD', 2019, 'MH033'), ('QTKD', 2019, 'MH034'), ('QTKD', 2019, 'MH036'),
('QTKD', 2020, 'MH033'), ('QTKD', 2020, 'MH034'), ('QTKD', 2020, 'MH035'),
('QTKD', 2021, 'MH033'), ('QTKD', 2021, 'MH034'), ('QTKD', 2021, 'MH036'),
('QTKD', 2022, 'MH033'), ('QTKD', 2022, 'MH034'), ('QTKD', 2022, 'MH035'),
('NN', 2023, 'MH019'), ('NN', 2023, 'MH023'), ('NN', 2023, 'MH024'),
('NVPD', 2023, 'MH023'), ('NVPD', 2023, 'MH026'), ('NVPD', 2023, 'MH031'),
('QHQT', 2023, 'MH029'), ('QHQT', 2023, 'MH030'), ('QHQT', 2023, 'MH037'),
('QTKD', 2023, 'MH033'), ('QTKD', 2023, 'MH034'), ('QTKD', 2023, 'MH035'),
('NN', 2024, 'MH019'), ('NN', 2024, 'MH025'), ('NN', 2024, 'MH031'),
('NVPD', 2024, 'MH024'), ('NVPD', 2024, 'MH027'), ('NVPD', 2024, 'MH032'),
('QHQT', 2024, 'MH029'), ('QHQT', 2024, 'MH030'), ('QHQT', 2024, 'MH038'),
('QTKD', 2024, 'MH033'), ('QTKD', 2024, 'MH036'), ('QTKD', 2024, 'MH037'),
('NN', 2025, 'MH023'), ('NN', 2025, 'MH024'), ('NN', 2025, 'MH025'),
('NVPD', 2025, 'MH023'), ('NVPD', 2025, 'MH026'), ('NVPD', 2025, 'MH031'),
('QHQT', 2025, 'MH029'), ('QHQT', 2025, 'MH037'), ('QHQT', 2025, 'MH038'),
('QTKD', 2025, 'MH035'), ('QTKD', 2025, 'MH036'), ('QTKD', 2025, 'MH037');

INSERT INTO site_b.SinhVien (MaSV, HoTen, MaKhoa, KhoaHoc) VALUES
('22DH000009', 'Nguyễn Thị GG', 'NN', 2022),
('22DH000010', 'Trần Văn HH', 'NN', 2022),
('23DH000009', 'Lê Thị II', 'NN', 2023),
('23DH000010', 'Phạm Văn JJ', 'NN', 2023),
('24DH000009', 'Hoàng Thị KK', 'NN', 2024),
('24DH000010', 'Đỗ Văn LL', 'NN', 2024),
('25DH000009', 'Bùi Thị MM', 'NN', 2025),
('25DH000010', 'Vũ Văn NN', 'NN', 2025),
('22DH000011', 'Nguyễn Thị OO', 'NVPD', 2022),
('22DH000012', 'Trần Văn PP', 'NVPD', 2022),
('23DH000011', 'Lê Thị QQ', 'NVPD', 2023),
('23DH000012', 'Phạm Văn RR', 'NVPD', 2023),
('24DH000011', 'Hoàng Thị SS', 'NVPD', 2024),
('24DH000012', 'Đỗ Văn TT', 'NVPD', 2024),
('25DH000011', 'Bùi Thị UU', 'NVPD', 2025),
('25DH000012', 'Vũ Văn VV', 'NVPD', 2025),
('22DH000013', 'Nguyễn Thị WW', 'QHQT', 2022),
('22DH000014', 'Trần Văn XX', 'QHQT', 2022),
('23DH000013', 'Lê Thị YY', 'QHQT', 2023),
('23DH000014', 'Phạm Văn ZZ', 'QHQT', 2023),
('24DH000013', 'Hoàng Thị AAA', 'QHQT', 2024),
('24DH000014', 'Đỗ Văn BBB', 'QHQT', 2024),
('25DH000013', 'Bùi Thị CCC', 'QHQT', 2025),
('25DH000014', 'Vũ Văn DDD', 'QHQT', 2025),
('22DH000015', 'Nguyễn Thị EEE', 'QTKD', 2022),
('22DH000016', 'Trần Văn FFF', 'QTKD', 2022),
('23DH000015', 'Lê Thị GGG', 'QTKD', 2023),
('23DH000016', 'Phạm Văn HHH', 'QTKD', 2023),
('24DH000015', 'Hoàng Thị III', 'QTKD', 2024),
('24DH000016', 'Đỗ Văn JJJ', 'QTKD', 2024),
('25DH000015', 'Bùi Thị KKK', 'QTKD', 2025),
('25DH000016', 'Vũ Văn LLL', 'QTKD', 2025);

INSERT INTO site_b.DangKy (MaSV, MaMon, DiemThi) VALUES
('22DH000009', 'MH019', 8.0), ('22DH000009', 'MH023', 9.0), ('22DH000009', 'MH024', 8.5),
('22DH000010', 'MH019', 7.5), ('22DH000010', 'MH023', 8.0), ('22DH000010', 'MH024', 9.0),
('23DH000009', 'MH019', 8.5), ('23DH000009', 'MH023', 7.0), ('23DH000009', 'MH024', 8.0),
('23DH000010', 'MH019', 9.0), ('23DH000010', 'MH023', 8.5), ('23DH000010', 'MH024', 7.5),
('24DH000009', 'MH019', 8.0), ('24DH000009', 'MH025', 9.0), ('24DH000009', 'MH031', 8.5),
('24DH000010', 'MH019', 7.5), ('24DH000010', 'MH025', 8.0), ('24DH000010', 'MH031', 9.0),
('25DH000009', 'MH023', 8.5), ('25DH000009', 'MH024', 7.0), ('25DH000009', 'MH025', 8.0),
('25DH000010', 'MH023', 9.0), ('25DH000010', 'MH024', 8.5), ('25DH000010', 'MH025', 7.5),
('22DH000011', 'MH024', 8.0), ('22DH000011', 'MH027', 9.0), ('22DH000011', 'MH031', 8.5),
('22DH000012', 'MH024', 7.5), ('22DH000012', 'MH027', 8.0), ('22DH000012', 'MH031', 9.0),
('23DH000011', 'MH023', 8.5), ('23DH000011', 'MH026', 7.0), ('23DH000011', 'MH031', 8.0),
('23DH000012', 'MH023', 9.0), ('23DH000012', 'MH026', 8.5), ('23DH000012', 'MH031', 7.5),
('24DH000011', 'MH024', 8.0), ('24DH000011', 'MH027', 9.0), ('24DH000011', 'MH032', 8.5),
('24DH000012', 'MH024', 7.5), ('24DH000012', 'MH027', 8.0), ('24DH000012', 'MH032', 9.0),
('25DH000011', 'MH023', 8.5), ('25DH000011', 'MH026', 7.0), ('25DH000011', 'MH031', 8.0),
('25DH000012', 'MH023', 9.0), ('25DH000012', 'MH026', 8.5), ('25DH000012', 'MH031', 7.5),
('22DH000013', 'MH029', 8.0), ('22DH000013', 'MH030', 9.0), ('22DH000013', 'MH037', 8.5),
('22DH000014', 'MH029', 7.5), ('22DH000014', 'MH030', 8.0), ('22DH000014', 'MH037', 9.0),
('23DH000013', 'MH029', 8.5), ('23DH000013', 'MH030', 7.0), ('23DH000013', 'MH037', 8.0),
('23DH000014', 'MH029', 9.0), ('23DH000014', 'MH030', 8.5), ('23DH000014', 'MH037', 7.5),
('24DH000013', 'MH029', 8.0), ('24DH000013', 'MH030', 9.0), ('24DH000013', 'MH038', 8.5),
('24DH000014', 'MH029', 7.5), ('24DH000014', 'MH030', 8.0), ('24DH000014', 'MH038', 9.0),
('25DH000013', 'MH029', 8.5), ('25DH000013', 'MH037', 7.0), ('25DH000013', 'MH038', 8.0),
('25DH000014', 'MH029', 9.0), ('25DH000014', 'MH037', 8.5), ('25DH000014', 'MH038', 7.5),
('22DH000015', 'MH033', 8.0), ('22DH000015', 'MH034', 9.0), ('22DH000015', 'MH035', 8.5),
('22DH000016', 'MH033', 7.5), ('22DH000016', 'MH034', 8.0), ('22DH000016', 'MH035', 9.0),
('23DH000015', 'MH033', 8.5), ('23DH000015', 'MH034', 7.0), ('23DH000015', 'MH035', 8.0),
('23DH000016', 'MH033', 9.0), ('23DH000016', 'MH034', 8.5), ('23DH000016', 'MH035', 7.5),
('24DH000015', 'MH033', 8.0), ('24DH000015', 'MH036', 9.0), ('24DH000015', 'MH037', 8.5),
('24DH000016', 'MH033', 7.5), ('24DH000016', 'MH036', 8.0), ('24DH000016', 'MH037', 9.0),
('25DH000015', 'MH035', 8.5), ('25DH000015', 'MH036', 7.0), ('25DH000015', 'MH037', 8.0),
('25DH000016', 'MH035', 9.0), ('25DH000016', 'MH036', 8.5), ('25DH000016', 'MH037', 7.5);

-- ==========================================
-- SITE C DATA (MaKhoa >= 'S')
-- ==========================================

INSERT INTO site_c.Khoa (MaKhoa, TenKhoa) VALUES
('SLCT', 'Sư phạm Lịch sử'),
('SUAT', 'Sư phạm Anh'),
('TLKS', 'Thể dục thể thao');

INSERT INTO site_c.MonHoc (MaMH, TenMH) VALUES
('MH039', 'Lịch sử thế giới'),
('MH040', 'Lịch sử Việt Nam'),
('MH041', 'Giáo dục học'),
('MH042', 'Tâm lý học giáo dục'),
('MH043', 'Phương pháp dạy học'),
('MH044', 'Tiếng Anh nâng cao'),
('MH045', 'Văn học Anh'),
('MH046', 'Ngôn ngữ học'),
('MH047', 'Giáo dục thể chất'),
('MH048', 'Thể dục học'),
('MH049', 'Giáo dục thể dục'),
('MH050', 'Y học thể dục'),
('MH051', 'Quản lý thể dục thể thao'),
('MH052', 'Đạo đức giáo dục'),
('MH053', 'Công nghệ thông tin trong giáo dục');

INSERT INTO site_c.CTDaoTao (MaKhoa, KhoaHoc, MaMH) VALUES
('SLCT', 2018, 'MH039'), ('SLCT', 2018, 'MH040'), ('SLCT', 2018, 'MH041'),
('SLCT', 2019, 'MH039'), ('SLCT', 2019, 'MH040'), ('SLCT', 2019, 'MH042'),
('SLCT', 2020, 'MH039'), ('SLCT', 2020, 'MH040'), ('SLCT', 2020, 'MH041'),
('SLCT', 2021, 'MH039'), ('SLCT', 2021, 'MH040'), ('SLCT', 2021, 'MH042'),
('SLCT', 2022, 'MH039'), ('SLCT', 2022, 'MH040'), ('SLCT', 2022, 'MH041'),
('SUAT', 2018, 'MH044'), ('SUAT', 2018, 'MH045'), ('SUAT', 2018, 'MH046'),
('SUAT', 2019, 'MH044'), ('SUAT', 2019, 'MH045'), ('SUAT', 2019, 'MH043'),
('SUAT', 2020, 'MH044'), ('SUAT', 2020, 'MH045'), ('SUAT', 2020, 'MH046'),
('SUAT', 2021, 'MH044'), ('SUAT', 2021, 'MH045'), ('SUAT', 2021, 'MH043'),
('SUAT', 2022, 'MH044'), ('SUAT', 2022, 'MH045'), ('SUAT', 2022, 'MH046'),
('TLKS', 2018, 'MH047'), ('TLKS', 2018, 'MH048'), ('TLKS', 2018, 'MH049'),
('TLKS', 2019, 'MH047'), ('TLKS', 2019, 'MH048'), ('TLKS', 2019, 'MH050'),
('TLKS', 2020, 'MH047'), ('TLKS', 2020, 'MH048'), ('TLKS', 2020, 'MH049'),
('TLKS', 2021, 'MH047'), ('TLKS', 2021, 'MH048'), ('TLKS', 2021, 'MH050'),
('TLKS', 2022, 'MH047'), ('TLKS', 2022, 'MH048'), ('TLKS', 2022, 'MH049'),
('SLCT', 2023, 'MH039'), ('SLCT', 2023, 'MH040'), ('SLCT', 2023, 'MH041'),
('SUAT', 2023, 'MH044'), ('SUAT', 2023, 'MH045'), ('SUAT', 2023, 'MH046'),
('TLKS', 2023, 'MH047'), ('TLKS', 2023, 'MH048'), ('TLKS', 2023, 'MH049'),
('SLCT', 2024, 'MH039'), ('SLCT', 2024, 'MH042'), ('SLCT', 2024, 'MH043'),
('SUAT', 2024, 'MH044'), ('SUAT', 2024, 'MH045'), ('SUAT', 2024, 'MH053'),
('TLKS', 2024, 'MH047'), ('TLKS', 2024, 'MH050'), ('TLKS', 2024, 'MH051'),
('SLCT', 2025, 'MH040'), ('SLCT', 2025, 'MH041'), ('SLCT', 2025, 'MH042'),
('SUAT', 2025, 'MH045'), ('SUAT', 2025, 'MH046'), ('SUAT', 2025, 'MH053'),
('TLKS', 2025, 'MH048'), ('TLKS', 2025, 'MH049'), ('TLKS', 2025, 'MH050');

INSERT INTO site_c.SinhVien (MaSV, HoTen, MaKhoa, KhoaHoc) VALUES
('22DH000017', 'Nguyễn Thị MMM', 'SLCT', 2022),
('22DH000018', 'Trần Văn NNN', 'SLCT', 2022),
('23DH000017', 'Lê Thị OOO', 'SLCT', 2023),
('23DH000018', 'Phạm Văn PPP', 'SLCT', 2023),
('24DH000017', 'Hoàng Thị QQQ', 'SLCT', 2024),
('24DH000018', 'Đỗ Văn RRR', 'SLCT', 2024),
('25DH000017', 'Bùi Thị SSS', 'SLCT', 2025),
('25DH000018', 'Vũ Văn TTT', 'SLCT', 2025),
('22DH000019', 'Nguyễn Thị UUU', 'SUAT', 2022),
('22DH000020', 'Trần Văn VVV', 'SUAT', 2022),
('23DH000019', 'Lê Thị WWW', 'SUAT', 2023),
('23DH000020', 'Phạm Văn XXX', 'SUAT', 2023),
('24DH000019', 'Hoàng Thị YYY', 'SUAT', 2024),
('24DH000020', 'Đỗ Văn ZZZ', 'SUAT', 2024),
('25DH000019', 'Bùi Thị AAAA', 'SUAT', 2025),
('25DH000020', 'Vũ Văn BBBB', 'SUAT', 2025),
('22DH000021', 'Nguyễn Thị CCCC', 'TLKS', 2022),
('22DH000022', 'Trần Văn DDDD', 'TLKS', 2022),
('23DH000021', 'Lê Thị EEEE', 'TLKS', 2023),
('23DH000022', 'Phạm Văn FFFF', 'TLKS', 2023),
('24DH000021', 'Hoàng Thị GGGG', 'TLKS', 2024),
('24DH000022', 'Đỗ Văn HHHH', 'TLKS', 2024),
('25DH000021', 'Bùi Thị IIII', 'TLKS', 2025),
('25DH000022', 'Vũ Văn JJJJ', 'TLKS', 2025);

INSERT INTO site_c.DangKy (MaSV, MaMon, DiemThi) VALUES
('22DH000017', 'MH039', 8.0), ('22DH000017', 'MH040', 9.0), ('22DH000017', 'MH041', 8.5),
('22DH000018', 'MH039', 7.5), ('22DH000018', 'MH040', 8.0), ('22DH000018', 'MH041', 9.0),
('23DH000017', 'MH039', 8.5), ('23DH000017', 'MH040', 7.0), ('23DH000017', 'MH041', 8.0),
('23DH000018', 'MH039', 9.0), ('23DH000018', 'MH040', 8.5), ('23DH000018', 'MH041', 7.5),
('24DH000017', 'MH039', 8.0), ('24DH000017', 'MH042', 9.0), ('24DH000017', 'MH043', 8.5),
('24DH000018', 'MH039', 7.5), ('24DH000018', 'MH042', 8.0), ('24DH000018', 'MH043', 9.0),
('25DH000017', 'MH040', 8.5), ('25DH000017', 'MH041', 7.0), ('25DH000017', 'MH042', 8.0),
('25DH000018', 'MH040', 9.0), ('25DH000018', 'MH041', 8.5), ('25DH000018', 'MH042', 7.5),
('22DH000019', 'MH044', 8.0), ('22DH000019', 'MH045', 9.0), ('22DH000019', 'MH046', 8.5),
('22DH000020', 'MH044', 7.5), ('22DH000020', 'MH045', 8.0), ('22DH000020', 'MH046', 9.0),
('23DH000019', 'MH044', 8.5), ('23DH000019', 'MH045', 7.0), ('23DH000019', 'MH046', 8.0),
('23DH000020', 'MH044', 9.0), ('23DH000020', 'MH045', 8.5), ('23DH000020', 'MH046', 7.5),
('24DH000019', 'MH044', 8.0), ('24DH000019', 'MH045', 9.0), ('24DH000019', 'MH053', 8.5),
('24DH000020', 'MH044', 7.5), ('24DH000020', 'MH045', 8.0), ('24DH000020', 'MH053', 9.0),
('25DH000019', 'MH045', 8.5), ('25DH000019', 'MH046', 7.0), ('25DH000019', 'MH053', 8.0),
('25DH000020', 'MH045', 9.0), ('25DH000020', 'MH046', 8.5), ('25DH000020', 'MH053', 7.5),
('22DH000021', 'MH047', 8.0), ('22DH000021', 'MH048', 9.0), ('22DH000021', 'MH049', 8.5),
('22DH000022', 'MH047', 7.5), ('22DH000022', 'MH048', 8.0), ('22DH000022', 'MH049', 9.0),
('23DH000021', 'MH047', 8.5), ('23DH000021', 'MH048', 7.0), ('23DH000021', 'MH049', 8.0),
('23DH000022', 'MH047', 9.0), ('23DH000022', 'MH048', 8.5), ('23DH000022', 'MH049', 7.5),
('24DH000021', 'MH047', 8.0), ('24DH000021', 'MH050', 9.0), ('24DH000021', 'MH051', 8.5),
('24DH000022', 'MH047', 7.5), ('24DH000022', 'MH050', 8.0), ('24DH000022', 'MH051', 9.0),
('25DH000021', 'MH048', 8.5), ('25DH000021', 'MH049', 7.0), ('25DH000021', 'MH050', 8.0),
('25DH000022', 'MH048', 9.0), ('25DH000022', 'MH049', 8.5), ('25DH000022', 'MH050', 7.5);
